{
    "name": "pf1-gems",
    "title": "Gems for pf1",
    "description": "A module containing the exported Gems for pf1 compendium.",
    "version": "1.0.0",
    "library": "false",
    "manifestPlusVersion": "1.0.0",
    "compatibility": {
        "minimum": 10,
        "verified": 11,
        "maximum": 12
    },
    "authors": [
        {
            "name": "Phoenix Alexander",
            "email": "",
            "url": ""
        }
    ],
    "packs": [
        {
            "type": "Item",
            "label": "Gems",
            "module": "pf1-gems",
            "path": "packs/pf1-gems.db",
            "name": "pf1-gems-",
            "system": "pf1"
        }
    ],
    "manifest": "https://github.com/R0gu3P403n1x/PF1e-Gems/blob/main/module.json",
    "download": "https://github.com/R0gu3P403n1x/PF1e-Gems/blob/main/pf1-gems.zip"
}